x,original_sum,display_sum,x_shape,y_shape,removed_residual
0,0.0497729016963312,0.0497729016963312,1.1050392669943316,0.0497729016963312,0
0.001388888888888889,0.06524450672569232,0.06524450672569232,1.1046584978111844,0.06524450672569232,0
0.002777777777777778,0.08070370124834772,0.08070370124834772,1.1039511874960726,0.08070370124834772,0
0.004166666666666667,0.09614050530509843,0.09614050530509843,1.1029185882650407,0.09614050530509843,0
0.005555555555555556,0.11154502839567748,0.11154502839567748,1.1015623247914208,0.11154502839567748,0
0.006944444444444444,0.1269074845799678,0.1269074845799678,1.0998843890344154,0.1269074845799678,0
0.008333333333333333,0.14221820731103085,0.14221820731103085,1.097887134434817,0.14221820731103085,0
0.009722222222222222,0.1574676639730543,0.1574676639730543,1.0955732694909774,0.1574676639730543,0
0.011111111111111112,0.17264647009794448,0.17264647009794448,1.0929458507292875,0.17264647009794448,0
0.0125,0.187745403234959,0.187745403234959,1.090008275084555,0.187745403234959,0
0.013888888888888888,0.20275541644849476,0.20275541644849476,1.0867642717067516,0.20275541644849476,0
0.015277777777777777,0.21766765141990713,0.21766765141990713,1.083217893211667,0.21766765141990713,0
0.016666666666666666,0.23247345113004764,0.23247345113004764,1.0793735063940166,0.23247345113004764,0
0.018055555555555554,0.24716437210005943,0.24716437210005943,1.0752357824225514,0.24716437210005943,0
0.019444444444444445,0.26173219616886384,0.26173219616886384,1.0708096865376477,0.26173219616886384,0
0.020833333333333332,0.27616894178670537,0.27616894178670537,1.0661004672727823,0.27616894178670537,0
0.022222222222222223,0.290466874805098,0.290466874805098,1.0611136452221364,0.290466874805098,0
0.02361111111111111,0.30461851874451984,0.30461851874451984,1.0558550013774184,0.30461851874451984,0
0.025,0.3186166645222533,0.3186166645222533,1.0503305650577535,0.3186166645222533,0
0.02638888888888889,0.3324543796238361,0.3324543796238361,1.0445466014572204,0.3324543796238361,0
0.027777777777777776,0.3461250167027041,0.3461250167027041,1.0385095988353001,0.3461250167027041,0
0.029166666666666667,0.3596222215937317,0.3596222215937317,1.032226255376127,0.3596222215937317,0
0.030555555555555555,0.3729399407275428,0.3729399407275428,1.0257034657430173,0.3729399407275428,0
0.03194444444444444,0.3860724279336489,0.3860724279336489,1.0189483073552696,0.3860724279336489,0
0.03333333333333333,0.3990142506216709,0.3990142506216709,1.0119680264147277,0.3990142506216709,0
0.034722222222222224,0.4117602953311343,0.4117602953311343,1.0047700237099872,0.4117602953311343,0
0.03611111111111111,0.42430577264156233,0.42430577264156233,0.9973618402265314,0.42430577264156233,0
0.0375,0.4366462214358494,0.4366462214358494,0.9897511425913627,0.4366462214358494,0
0.03888888888888889,0.4487775125111685,0.4487775125111685,0.981945708380981,0.4487775125111685,0
0.04027777777777778,0.460695851532936,0.460695851532936,0.9739534113217364,0.460695851532936,0
0.041666666666666664,0.47239778132864935,0.47239778132864935,0.9657822064117546,0.47239778132864935,0
0.043055555555555555,0.4838801835196982,0.4838801835196982,0.9574401149936994,0.4838801835196982,0
0.044444444444444446,0.4951402794905393,0.4951402794905393,0.948935209807687,0.4951402794905393,0
0.04583333333333333,0.5061756306959191,0.5061756306959191,0.9402756000536302,0.5061756306959191,0
0.04722222222222222,0.5169841383081144,0.5169841383081144,0.9314694164922156,0.5169841383081144,0
0.04861111111111111,0.5275640422074419,0.5275640422074419,0.9225247966135792,0.5275640422074419,0
0.05,0.5379139193205664,0.5379139193205664,0.9134498699025485,0.5379139193205664,0
0.05138888888888889,0.5480326813123954,0.5480326813123954,0.9042527432290779,0.5480326813123954,0
0.05277777777777778,0.557919571638605,0.557919571638605,0.8949414863921847,0.557919571638605,0
0.05416666666666667,0.5675741619670762,0.5675741619670762,0.8855241178453583,0.5675741619670762,0
0.05555555555555555,0.5769963479777374,0.5769963479777374,0.876008590630974,0.5769963479777374,0
0.05694444444444444,0.586186344551514,0.586186344551514,0.866402778550801,0.586186344551514,0
0.058333333333333334,0.5951446803602528,0.5951446803602528,0.8567144625991628,0.5951446803602528,0
0.059722222222222225,0.6038721918706569,0.6038721918706569,0.8469513176847429,0.6038721918706569,0
0.06111111111111111,0.6123700167763737,0.6123700167763737,0.8371208996664121,0.6123700167763737,0
0.0625,0.6206395868734949,0.6206395868734949,0.8272306327277844,0.6206395868734949,0
0.06388888888888888,0.6286826203957792,0.6286826203957792,0.8172877971144926,0.6286826203957792,0
0.06527777777777778,0.6365011138269507,0.6365011138269507,0.8072995172574154,0.6365011138269507,0
0.06666666666666667,0.644097333208421,0.644097333208421,0.7972727503042858,0.644097333208421,0
0.06805555555555555,0.6514738049617453,0.6514738049617453,0.7872142750812547,0.6514738049617453,0
0.06944444444444445,0.6586333062460505,0.6586333062460505,0.7771306815051023,0.6586333062460505,0
0.07083333333333333,0.6655788548715469,0.6655788548715469,0.767028360465858,0.6655788548715469,0
0.07222222222222222,0.6723136987910866,0.6723136987910866,0.7569134941986184,0.6723136987910866,0
0.07361111111111111,0.6788413051925248,0.6788413051925248,0.7467920471623644,0.6788413051925248,0
0.075,0.6851653492153883,0.6851653492153883,0.7366697574425237,0.6851653492153883,0
0.0763888888888889,0.6912897023160686,0.6912897023160686,0.7265521286929746,0.6912897023160686,0
0.07777777777777778,0.6972184203064095,0.6972184203064095,0.7164444226320767,0.6972184203064095,0
0.07916666666666666,0.7029557310911705,0.7029557310911705,0.7063516521061994,0.7029557310911705,0
0.08055555555555556,0.7085060221304026,0.7085060221304026,0.6962785747330582,0.7085060221304026,0
0.08194444444444444,0.7138738276532818,0.7138738276532818,0.6862296871360073,0.7138738276532818,0
0.08333333333333333,0.7190638156504029,0.7190638156504029,0.6762092197792267,0.7190638156504029,0
0.08472222222222223,0.7240807746719281,0.7240807746719281,0.6662211324125492,0.7240807746719281,0
0.08611111111111111,0.7289296004593437,0.7289296004593437,0.6562691101334241,0.7289296004593437,0
0.0875,0.7336152824388652,0.7336152824388652,0.6463565600722834,0.7336152824388652,0
0.08888888888888889,0.7381428901047625,0.7381428901047625,0.6364866087063167,0.7381428901047625,0
0.09027777777777778,0.742517559321074,0.742517559321074,0.6266620998054031,0.742517559321074,0
0.09166666666666666,0.7467444785702884,0.7467444785702884,0.6168855930126709,0.7467444785702884,0
0.09305555555555556,0.7508288751776533,0.7508288751776533,0.6071593630608857,0.7508288751776533,0
0.09444444444444444,0.7547760015397773,0.7547760015397773,0.597485399624598,0.7547760015397773,0
0.09583333333333334,0.7585911213861537,0.7585911213861537,0.5878654078066936,0.7585911213861537,0
0.09722222222222222,0.7622794961021309,0.7622794961021309,0.5783008092567334,0.7622794961021309,0
0.09861111111111111,0.7658463711417036,0.7658463711417036,0.5687927439171913,0.7658463711417036,0
0.1,0.7692969625582846,0.7692969625582846,0.5593420723924529,0.7692969625582846,0
0.10138888888888889,0.7726364436813532,0.7726364436813532,0.5499493789341843,0.7726364436813532,0
0.10277777777777777,0.7758699319665562,0.7758699319665562,0.5406149750354449,0.7758699319665562,0
0.10416666666666667,0.7790024760464603,0.7790024760464603,0.5313389036247138,0.7790024760464603,0
0.10555555555555556,0.7820390430087283,0.7820390430087283,0.5221209438497818,0.7820390430087283,0
0.10694444444444444,0.7849845059280117,0.7849845059280117,0.5129606164402953,0.7849845059280117,0
0.10833333333333334,0.7878436316773202,0.7878436316773202,0.5038571896365743,0.7878436316773202,0
0.10972222222222222,0.7906210690440412,0.7906210690440412,0.4948096856711999,0.7906210690440412,0
0.1111111111111111,0.7933213371751592,0.7933213371751592,0.48581688778875187,0.7933213371751592,0
0.1125,0.7959488143755381,0.7959488143755381,0.47687734778801477,0.7959488143755381,0
0.11388888888888889,0.7985077272824033,0.7985077272824033,0.4679893940699134,0.7985077272824033,0
0.11527777777777778,0.8010021404383912,0.8010021404383912,0.45915114017343,0.8010021404383912,0
0.11666666666666667,0.8034359462847156,0.8034359462847156,0.45036049378078735,0.8034359462847156,0
0.11805555555555555,0.8058128555951414,0.8058128555951414,0.4416151661722262,0.8058128555951414,0
0.11944444444444445,0.8081363883705579,0.8081363883705579,0.4329126821098226,0.8081363883705579,0
0.12083333333333333,0.8104098652130044,0.8104098652130044,0.4242503901289164,0.8104098652130044,0
0.12222222222222222,0.8126363991970306,0.8126363991970306,0.4156254732149094,0.8126363991970306,0
0.12361111111111112,0.8148188882552565,0.8148188882552565,0.4070349598424229,0.8148188882552565,0
0.125,0.8169600080939575,0.8169600080939575,0.39847573535306724,0.8169600080939575,0
0.12638888888888888,0.8190622056534294,0.8190622056534294,0.3899445536473976,0.8190622056534294,0
0.12777777777777777,0.8211276931267726,0.8211276931267726,0.38143804916600066,0.8211276931267726,0
0.12916666666666668,0.8231584425496189,0.8231584425496189,0.37295274913406534,0.8231584425496189,0
0.13055555555555556,0.8251561809721577,0.8251561809721577,0.3644850860432632,0.8251561809721577,0
0.13194444444444445,0.827122386223644,0.827122386223644,0.3560314103442767,0.827122386223644,0
0.13333333333333333,0.8290582832783743,0.8290582832783743,0.34758800332288925,0.8290582832783743,0
0.13472222222222222,0.8309648412308979,0.8309648412308979,0.3391510901321699,0.8309648412308979,0
0.1361111111111111,0.832842770887001,0.832842770887001,0.33071685295296566,0.832842770887001,0
0.1375,0.8346925229757541,0.8346925229757541,0.322281444254646,0.8346925229757541,0
0.1388888888888889,0.836514286986659,0.836514286986659,0.3138410001278315,0.836514286986659,0
0.14027777777777778,0.8383079906346713,0.8383079906346713,0.3053916536606819,0.8383079906346713,0
0.14166666666666666,0.8400732999545973,0.8400732999545973,0.29692954833021995,0.8400732999545973,0
0.14305555555555555,0.8418096200250961,0.8418096200250961,0.2884508513801182,0.8418096200250961,0
0.14444444444444443,0.8435160963212419,0.8435160963212419,0.2799517671563927,0.8435160963212419,0
0.14583333333333334,0.8451916166933348,0.8451916166933348,0.2714285503725117,0.8451916166933348,0
0.14722222222222223,0.8468348139683664,0.8468348139683664,0.2628775192755538,0.8468348139683664,0
0.1486111111111111,0.8484440691693002,0.8484440691693002,0.2542950686852281,0.8484440691693002,0
0.15,0.8500175153460638,0.8500175153460638,0.24567768287780567,0.8500175153460638,0
0.15138888888888888,0.8515530420109128,0.8515530420109128,0.23702194828730344,0.8515530420109128,0
0.1527777777777778,0.8530483001695931,0.8530483001695931,0.22832456599660128,0.8530483001695931,0
0.15416666666666667,0.8545007079385268,0.8545007079385268,0.21958236399158346,0.8545007079385268,0
0.15555555555555556,0.8559074567370418,0.8559074567370418,0.21079230915183209,0.8559074567370418,0
0.15694444444444444,0.8572655180425023,0.8572655180425023,0.20195151895192304,0.8572655180425023,0
0.15833333333333333,0.8585716506950424,0.8585716506950424,0.1930572728479139,0.8585716506950424,0
0.1597222222222222,0.8598224087374848,0.8598224087374848,0.1841070233242345,0.8598224087374848,0
0.16111111111111112,0.8610141497749301,0.8610141497749301,0.17509840657683473,0.8610141497749301,0
0.1625,0.862143043837431,0.862143043837431,0.16602925280915531,0.862143043837431,0
0.1638888888888889,0.8632050827281411,0.8632050827281411,0.15689759611823278,0.8632050827281411,0
0.16527777777777777,0.8641960898383132,0.8641960898383132,0.1477016839490501,0.8641960898383132,0
0.16666666666666666,0.8651117304095731,0.8651117304095731,0.13843998609607788,0.8651117304095731,0
0.16805555555555557,0.865947522222949,0.865947522222949,0.12911120323183328,0.865947522222949,0
0.16944444444444445,0.8666988466932686,0.8666988466932686,0.11971427494321019,0.8666988466932686,0
0.17083333333333334,0.8673609603466721,0.8673609603466721,0.11024838725728475,0.8673609603466721,0
0.17222222222222222,0.8679290066581922,0.8679290066581922,0.10071297963930646,0.8679290066581922,0
0.1736111111111111,0.8683980282256,0.8683980282256,0.09110775144660811,0.8683980282256,0
0.175,0.8687629792549832,0.8687629792549832,0.08143266782323802,0.8687629792549832,0
0.1763888888888889,0.8690187383328808,0.8690187383328808,0.07168796502121044,0.8690187383328808,0
0.17777777777777778,0.8691601214591578,0.8691601214591578,0.06187415513539303,0.8691601214591578,0
0.17916666666666667,0.8691818953142539,0.8691818953142539,0.051992030240200604,0.8691818953142539,0
0.18055555555555555,0.8690787907339114,0.8690787907339114,0.04204266591744306,0.8690787907339114,0
0.18194444444444444,0.8688455163640307,0.8688455163640307,0.0320274241658659,0.8688455163640307,0
0.18333333333333332,0.8684767724678842,0.8684767724678842,0.021947955684139694,0.8684767724678842,0
0.18472222222222223,0.8679672648575641,0.8679672648575641,0.011806201520295087,0.8679672648575641,0
0.18611111111111112,0.8673117189212406,0.8673117189212406,0.0016043940818381286,0.8673117189212406,0
0.1875,0.8665048937175481,0.8665048937175481,-0.008654942497948834,0.8665048937175481,0
0.18888888888888888,0.8655415961082356,0.8655415961082356,-0.01896899264074743,0.8655415961082356,0
0.19027777777777777,0.8644166949000726,0.8644166949000726,-0.02933465025293243,0.8644166949000726,0
0.19166666666666668,0.86312513496693,0.86312513496693,-0.03974852030494781,0.86312513496693,0
0.19305555555555556,0.8616619513229228,0.8616619513229228,-0.05020692105970723,0.8616619513229228,0
0.19444444444444445,0.8600222831175401,0.8600222831175401,-0.060705886948104665,0.8600222831175401,0
0.19583333333333333,0.8582013875237793,0.8582013875237793,-0.07124117208842858,0.8582013875237793,0
0.19722222222222222,0.8561946534904401,0.8561946534904401,-0.08180825444520395,0.8561946534904401,0
0.1986111111111111,0.8539976153299464,0.8539976153299464,-0.09240234062170326,0.8539976153299464,0
0.2,0.851605966113314,0.851605966113314,-0.10301837127910295,0.851605966113314,0
0.2013888888888889,0.8490155708442005,0.8490155708442005,-0.11365102717401247,0.8490155708442005,0
0.20277777777777778,0.8462224793843417,0.8462224793843417,-0.12429473580486333,0.8462224793843417,0
0.20416666666666666,0.8432229391031014,0.8432229391031014,-0.13494367865642193,0.8432229391031014,0
0.20555555555555555,0.840013407224338,0.840013407224338,-0.1455917990304877,0.840013407224338,0
0.20694444444444443,0.8365905628443218,0.8365905628443218,-0.15623281044965903,0.8365905628443218,0
0.20833333333333334,0.8329513185950151,0.8329513185950151,-0.16686020561989112,0.8329513185950151,0
0.20972222222222223,0.8290928319276599,0.8290928319276599,-0.1774672659364348,0.8290928319276599,0
0.2111111111111111,0.8250125159923002,0.8250125159923002,-0.18804707151664973,0.8250125159923002,0
0.2125,0.8207080500895907,0.8207080500895907,-0.19859251174210357,0.8207080500895907,0
0.21388888888888888,0.8161773896720215,0.8161773896720215,-0.20909629629133641,0.8161773896720215,0
0.2152777777777778,0.8114187758725123,0.8114187758725123,-0.21955096664365714,0.8114187758725123,0
0.21666666666666667,0.8064307445391863,0.8064307445391863,-0.22994890803337226,0.8064307445391863,0
0.21805555555555556,0.8012121347560478,0.8012121347560478,-0.24028236183291837,0.8012121347560478,0
0.21944444444444444,0.7957620968302324,0.7957620968302324,-0.250543438342472,0.7957620968302324,0
0.22083333333333333,0.7900800997274812,0.7900800997274812,-0.2607241299627663,0.7900800997274812,0
0.2222222222222222,0.7841659379385197,0.7841659379385197,-0.270816324727038,0.7841659379385197,0
0.22361111111111112,0.7780197377600723,0.7780197377600723,-0.2808118201672647,0.7780197377600723,0
0.225,0.7716419629753374,0.7716419629753374,-0.29070233748913943,0.7716419629753374,0
0.2263888888888889,0.7650334199198705,0.7650334199198705,-0.3004795360295671,0.7650334199198705,0
0.22777777777777777,0.7581952619199688,0.7581952619199688,-0.3101350279698436,0.7581952619199688,0
0.22916666666666666,0.7511289930918293,0.7511289930918293,-0.3196603932771168,0.7511289930918293,0
0.23055555555555557,0.743836471490953,0.743836471490953,-0.32904719484621686,0.743836471490953,0
0.23194444444444445,0.7363199116024919,0.7363199116024919,-0.33828699381347155,0.7363199116024919,0
0.23333333333333334,0.7285818861644702,0.7285818861644702,-0.34737136501372745,0.7285818861644702,0
0.23472222222222222,0.7206253273170873,0.7206253273170873,-0.3562919125514311,0.7206253273170873,0
0.2361111111111111,0.7124535270725624,0.7124535270725624,-0.3650402854563361,0.7124535270725624,0
0.2375,0.7040701371012897,0.7040701371012897,-0.37360819339415224,0.7040701371012897,0
0.2388888888888889,0.6954791678313567,0.6954791678313567,-0.38198742240227096,0.6954791678313567,0
0.24027777777777778,0.6866849868597852,0.6866849868597852,-0.3901698506205689,0.6866849868597852,0
0.24166666666666667,0.67769231667517,0.67769231667517,-0.3981474639872208,0.67769231667517,0
0.24305555555555555,0.6685062316927001,0.6685062316927001,-0.405912371869435,0.6685062316927001,0
0.24444444444444444,0.6591321546038582,0.6591321546038582,-0.41345682259906974,0.6591321546038582,0
0.24583333333333332,0.6495758520444067,0.6495758520444067,-0.42077321888318525,0.6495758520444067,0
0.24722222222222223,0.6398434295855764,0.6398434295855764,-0.42785413305974385,0.6398434295855764,0
0.24861111111111112,0.6299413260546701,0.6299413260546701,-0.43469232216888315,0.6299413260546701,0
0.25,0.6198763071925817,0.6198763071925817,-0.44128074281045765,0.6198763071925817,0
0.2513888888888889,0.6096554586570097,0.6096554586570097,-0.4476125657588703,0.6096554586570097,0
0.25277777777777777,0.5992861783814056,0.5992861783814056,-0.4536811903065931,0.5992861783814056,0
0.25416666666666665,0.5887761683009414,0.5887761683009414,-0.45948025830821876,0.5887761683009414,0
0.25555555555555554,0.5781334254580068,0.5781334254580068,-0.46500366789736836,0.5781334254580068,0
0.2569444444444444,0.5673662325009488,0.5673662325009488,-0.4702455868493293,0.5673662325009488,0
0.25833333333333336,0.5564831475909459,0.5564831475909459,-0.47520046556288875,0.5564831475909459,0
0.25972222222222224,0.5454929937330685,0.5454929937330685,-0.4798630496354758,0.5454929937330685,0
0.2611111111111111,0.5344048475486834,0.5344048475486834,-0.48422839200642714,0.5344048475486834,0
0.2625,0.5232280275074824,0.5232280275074824,-0.48829186464392416,0.5232280275074824,0
0.2638888888888889,0.5119720816384449,0.5119720816384449,-0.49204916975195717,0.5119720816384449,0
0.2652777777777778,0.5006467747400934,0.5006467747400934,-0.49549635047449625,0.5006467747400934,0
0.26666666666666666,0.4892620751113823,0.4892620751113823,-0.49862980107494226,0.4892620751113823,0
0.26805555555555555,0.47782814082550085,0.47782814082550085,-0.50144627656985,0.47782814082550085,0
0.26944444444444443,0.46635530556980254,0.46635530556980254,-0.5039429017968818,0.46635530556980254,0
0.2708333333333333,0.4548540640759147,0.4548540640759147,-0.5061171798979605,0.4548540640759147,0
0.2722222222222222,0.4433350571649312,0.4433350571649312,-0.5079670001996244,0.4433350571649312,0
0.27361111111111114,0.43180905643334466,0.43180905643334466,-0.5094906454736756,0.43180905643334466,0
0.275,0.4202869486061267,0.4202869486061267,-0.5106867985623126,0.4202869486061267,0
0.2763888888888889,0.4087797195840276,0.4087797195840276,-0.5115545483530877,0.4087797195840276,0
0.2777777777777778,0.3972984382128143,0.3972984382128143,-0.5120933950902047,0.3972984382128143,0
0.2791666666666667,0.3858542398027418,0.3858542398027418,-0.5123032550098547,0.3858542398027418,0
0.28055555555555556,0.37445830942707237,0.37445830942707237,-0.5121844642885334,0.37445830942707237,0
0.28194444444444444,0.3631218650289491,0.3631218650289491,-0.511737782294508,0.3631218650289491,0
0.2833333333333333,0.35185614036634016,0.35185614036634016,-0.510964394133883,0.35185614036634016,0
0.2847222222222222,0.34067236782513804,0.34067236782513804,-0.5098659124839869,0.34067236782513804,0
0.2861111111111111,0.32958176113081344,0.32958176113081344,-0.5084443787081049,0.32958176113081344,0
0.2875,0.3185954979892697,0.3185954979892697,-0.5067022632468947,0.3185954979892697,0
0.28888888888888886,0.30772470268775154,0.30772470268775154,-0.5046424652831429,0.30772470268775154,0
0.2902777777777778,0.2969804286867874,0.2969804286867874,-0.5022683116778482,0.2969804286867874,0
0.2916666666666667,0.28637364123424447,0.28637364123424447,-0.49958355517695413,0.28637364123424447,0
0.29305555555555557,0.27591520003257675,0.27591520003257675,-0.49659237188939115,0.27591520003257675,0
0.29444444444444445,0.2656158419903435,0.2656158419903435,-0.4932993580384313,0.2656158419903435,0
0.29583333333333334,0.25548616408894936,0.25548616408894936,-0.48970952598968326,0.25548616408894936,0
0.2972222222222222,0.2455366063954379,0.2455366063954379,-0.4858282995604,0.2455366063954379,0
0.2986111111111111,0.23577743525194284,0.23577743525194284,-0.4816615086160901,0.23577743525194284,0
0.3,0.22621872667214943,0.22621872667214943,-0.47721538296173566,0.22621872667214943,0
0.3013888888888889,0.21687034997479257,0.21687034997479257,-0.4724965455362305,0.21687034997479257,0
0.30277777777777776,0.20774195168383686,0.20774195168383686,-0.46751200491992967,0.20774195168383686,0
0.30416666666666664,0.19884293972456704,0.19884293972456704,-0.4622691471664876,0.19884293972456704,0
0.3055555555555556,0.19018246794430538,0.19018246794430538,-0.45677572697139485,0.19018246794430538,0
0.30694444444444446,0.18176942098595864,0.18176942098595864,-0.4510398581908751,0.18176942098595864,0
0.30833333333333335,0.17361239954197938,0.17361239954197938,-0.44507000372598693,0.17361239954197938,0
0.30972222222222223,0.16571970601569772,0.16571970601569772,-0.4388749647879771,0.16571970601569772,0
0.3111111111111111,0.15809933061627535,0.15809933061627535,-0.43246386956206817,0.15809933061627535,0
0.3125,0.15075893791278736,0.15075893791278736,-0.42584616128798586,0.15075893791278736,0
0.3138888888888889,0.14370585387214885,0.14370585387214885,-0.41903158577662586,0.14370585387214885,0
0.31527777777777777,0.1369470534047569,0.1369470534047569,-0.412030178383306,0.1369470534047569,0
0.31666666666666665,0.13048914844084164,0.13048914844084164,-0.4048522504590664,0.13048914844084164,0
0.31805555555555554,0.12433837655958091,0.12433837655958091,-0.3975083753024599,0.12433837655958091,0
0.3194444444444444,0.11850059019207426,0.11850059019207426,-0.39000937363520793,0.11850059019207426,0
0.32083333333333336,0.1129812464182535,0.1129812464182535,-0.38236629862599303,0.1129812464182535,0
0.32222222222222224,0.10778539737676536,0.10778539737676536,-0.3745904204875079,0.10778539737676536,0
0.3236111111111111,0.1029176813057737,0.1029176813057737,-0.3666932106726842,0.1029176813057737,0
0.325,0.09838231423151322,0.09838231423151322,-0.35868632569678144,0.09838231423151322,0
0.3263888888888889,0.09418308232027972,0.09418308232027972,-0.3505815906127266,0.09418308232027972,0
0.3277777777777778,0.09032333490835415,0.09032333490835415,-0.3423909821677463,0.09032333490835415,0
0.32916666666666666,0.08680597822316262,0.08680597822316262,-0.3341266116699493,0.08680597822316262,0
0.33055555555555555,0.08363346980773102,0.08363346980773102,-0.32580070759405894,0.08363346980773102,0
0.33194444444444443,0.08080781365924515,0.08080781365924515,-0.31742559795601166,0.08080781365924515,0
0.3333333333333333,0.07833055609124835,0.07833055609124835,-0.3090136924865667,0.07833055609124835,0
0.3347222222222222,0.07620278232771482,0.07620278232771482,-0.3005774646344746,0.07620278232771482,0
0.33611111111111114,0.07442511383592561,0.07442511383592561,-0.292129433430083,0.07442511383592561,0
0.3375,0.07299770640375348,0.07299770640375348,-0.28368214524053625,0.07299770640375348,0
0.3388888888888889,0.07192024896562318,0.07192024896562318,-0.2752481554479435,0.07192024896562318,0
0.3402777777777778,0.07119196318007708,0.07119196318007708,-0.266840010082059,0.07119196318007708,0
0.3416666666666667,0.0708116037605208,0.0708116037605208,-0.25847022743911663,0.0708116037605208,0
0.34305555555555556,0.07077745955937294,0.07077745955937294,-0.25015127971851353,0.07077745955937294,0
0.34444444444444444,0.07108735540449271,0.07108735540449271,-0.24189557470901873,0.07108735540449271,0
0.3458333333333333,0.07173865468540098,0.07173865468540098,-0.23371543755612328,0.07173865468540098,0
0.3472222222222222,0.07272826268546759,0.07272826268546759,-0.22562309264200614,0.07272826268546759,0
0.3486111111111111,0.07405263065489157,0.07405263065489157,-0.21763064560942208,0.07405263065489157,0
0.35,0.07570776061797661,0.07570776061797661,-0.20975006556055414,0.07570776061797661,0
0.35138888888888886,0.07768921090687014,0.07768921090687014,-0.20199316746159113,0.07768921090687014,0
0.3527777777777778,0.07999210241264404,0.07999210241264404,-0.19437159478341648,0.07999210241264404,0
0.3541666666666667,0.08261112554328989,0.08261112554328989,-0.18689680240839895,0.08261112554328989,0
0.35555555555555557,0.08554054787694004,0.08554054787694004,-0.17958003983278617,0.08554054787694004,0
0.35694444444444445,0.08877422249737403,0.08877422249737403,-0.17243233469369915,0.08877422249737403,0
0.35833333333333334,0.0923055969976382,0.0923055969976382,-0.16546447664913774,0.0923055969976382,0
0.3597222222222222,0.09612772313641316,0.09612772313641316,-0.15868700163877836,0.09612772313641316,0
0.3611111111111111,0.10023326713058803,0.10023326713058803,-0.15211017655267364,0.10023326713058803,0
0.3625,0.10461452056635667,0.10461452056635667,-0.1457439843342228,0.10461452056635667,0
0.3638888888888889,0.10926341191004564,0.10926341191004564,-0.13959810954301466,0.10926341191004564,0
0.36527777777777776,0.1141715185988055,0.1141715185988055,-0.1336819244023097,0.1141715185988055,0
0.36666666666666664,0.11933007969025948,0.11933007969025948,-0.12800447535506485,0.11933007969025948,0
0.3680555555555556,0.12473000904920456,0.12473000904920456,-0.12257447015148555,0.12473000904920456,0
0.36944444444444446,0.1303619090484977,0.1303619090484977,-0.11740026549013387,0.1303619090484977,0
0.37083333333333335,0.13621608476034786,0.13621608476034786,-0.11248985523362277,0.13621608476034786,0
0.37222222222222223,0.14228255861335332,0.14228255861335332,-0.10785085921889669,0.14228255861335332,0
0.3736111111111111,0.14855108548979995,0.14855108548979995,-0.10349051268101579,0.14855108548979995,0
0.375,0.15501116823695887,0.15501116823695887,-0.0994156563082654,0.15501116823695887,0
0.3763888888888889,0.16165207356537703,0.16165207356537703,-0.09563272694526515,0.16165207356537703,0
0.37777777777777777,0.1684628483064857,0.1684628483064857,-0.09214774895958351,0.1684628483064857,0
0.37916666666666665,0.17543233600121005,0.17543233600121005,-0.08896632628616895,0.17543233600121005,0
0.38055555555555554,0.1825491937906856,0.1825491937906856,-0.08609363516268077,0.1825491937906856,0
0.3819444444444444,0.1898019095796644,0.1898019095796644,-0.08353441756755565,0.1898019095796644,0
0.38333333333333336,0.19717881944271742,0.19717881944271742,-0.08129297537137943,0.19717881944271742,0
0.38472222222222224,0.20466812524292544,0.20466812524292544,-0.07937316521084159,0.20466812524292544,0
0.3861111111111111,0.21225791243238787,0.21225791243238787,-0.0777783940932469,0.21225791243238787,0
0.3875,0.21993616800357835,0.21993616800357835,-0.07651161573824145,0.21993616800357835,0
0.3888888888888889,0.22769079856032223,0.22769079856032223,-0.07557532766207664,0.22769079856032223,0
0.3902777777777778,0.23550964847698858,0.23550964847698858,-0.07497156900839712,0.23550964847698858,0
0.39166666666666666,0.24338051811435374,0.24338051811435374,-0.07470191912819067,0.24338051811435374,0
0.39305555555555555,0.2512911820605189,0.2512911820605189,-0.07476749691018943,0.2512911820605189,0
0.39444444444444443,0.2592294073652544,0.2592294073652544,-0.07516896086165711,0.2592294073652544,0
0.3958333333333333,0.26718297173617817,0.26718297173617817,-0.0759065099381475,0.26718297173617817,0
0.3972222222222222,0.2751396816652861,0.2751396816652861,-0.07697988511947074,0.2751396816652861,0
0.39861111111111114,0.2830873904545033,0.2830873904545033,-0.0783883717277614,0.2830873904545033,0
0.4,0.29101401610914834,0.29101401610914834,-0.08013080248220926,0.29101401610914834,0
0.4013888888888889,0.2989075590684743,0.2989075590684743,-0.08220556128369134,0.2989075590684743,0
0.4027777777777778,0.3067561197427759,0.3067561197427759,-0.08461058772123309,0.3067561197427759,0
0.4041666666666667,0.3145479158269527,0.3145479158269527,-0.08734338229093487,0.3145479158269527,0
0.40555555555555556,0.32227129936084253,0.32227129936084253,-0.09040101231672198,0.32227129936084253,0
0.40694444444444444,0.3299147735071546,0.3299147735071546,-0.09378011856102632,0.3299147735071546,0
0.4083333333333333,0.33746700901836263,0.33746700901836263,-0.09747692251226824,0.33746700901836263,0
0.4097222222222222,0.34491686036454045,0.34491686036454045,-0.10148723433481113,0.34491686036454045,0
0.4111111111111111,0.3522533814947598,0.3522533814947598,-0.10580646146587297,0.3522533814947598,0
0.4125,0.3594658412053856,0.3594658412053856,-0.11042961784273235,0.3594658412053856,0
0.41388888888888886,0.3665437380893482,0.3665437380893482,-0.11535133374245518,0.3665437380893482,0
0.4152777777777778,0.37347681504128044,0.37347681504128044,-0.12056586621527281,0.37347681504128044,0
0.4166666666666667,0.38025507329424457,0.38025507329424457,-0.12606711009170513,0.38025507329424457,0
0.41805555555555557,0.3868687859646723,0.3868687859646723,-0.13184860954250835,0.3868687859646723,0
0.41944444444444445,0.3933085110830634,0.3933085110830634,-0.1379035701695538,0.3933085110830634,0
0.42083333333333334,0.39956510408897333,0.39956510408897333,-0.1442248716048215,0.39956510408897333,0
0.4222222222222222,0.40562972976982187,0.40562972976982187,-0.15080508059380196,0.40562972976982187,0
0.4236111111111111,0.4114938736241104,0.4114938736241104,-0.15763646453876146,0.4114938736241104,0
0.425,0.4171493526307127,0.4171493526307127,-0.16471100547652967,0.4171493526307127,0
0.4263888888888889,0.4225883254070298,0.4225883254070298,-0.17202041446472754,0.4225883254070298,0
0.42777777777777776,0.4278033017399351,0.4278033017399351,-0.1795561463496446,0.4278033017399351,0
0.42916666666666664,0.4327871514746248,0.4327871514746248,-0.18730941488834638,0.4327871514746248,0
0.4305555555555556,0.43753311274767814,0.43753311274767814,-0.1952712081969759,0.43753311274767814,0
0.43194444444444446,0.44203479955186886,0.44203479955186886,-0.20343230449669114,0.44203479955186886,0
0.43333333333333335,0.4462862086215116,0.4462862086215116,-0.21178328812817962,0.4462862086215116,0
0.43472222222222223,0.45028172562839547,0.45028172562839547,-0.22031456580525918,0.45028172562839547,0
0.4361111111111111,0.45401613067964364,0.45401613067964364,-0.2290163830777022,0.45401613067964364,0
0.4375,0.45748460311013395,0.45748460311013395,-0.23787884097308817,0.45748460311013395,0
0.4388888888888889,0.46068272556343093,0.46068272556343093,-0.24689191278723568,0.46068272556343093,0
0.44027777777777777,0.4636064873564946,0.4636064873564946,-0.2560454609925421,0.4636064873564946,0
0.44166666666666665,0.4662522871247681,0.4662522871247681,-0.26532925423342546,0.4662522871247681,0
0.44305555555555554,0.46861693474556804,0.46861693474556804,-0.2747329843779512,0.46861693474556804,0
0.4444444444444444,0.4706976525390494,0.4706976525390494,-0.2842462835947079,0.4706976525390494,0
0.44583333333333336,0.4724920757473394,0.4724920757473394,-0.2938587414240065,0.4724920757473394,0
0.44722222222222224,0.4739982522937743,0.4739982522937743,-0.3035599218125601,0.4739982522937743,0
0.4486111111111111,0.47521464182549805,0.47521464182549805,-0.3133393800809519,0.47521464182549805,0
0.45,0.47614011404399625,0.47614011404399625,-0.323186679793365,0.47614011404399625,0
0.4513888888888889,0.4767739463294533,0.4767739463294533,-0.3330914094993365,0.4767739463294533,0
0.4527777777777778,0.47711582066611263,0.47711582066611263,-0.3430431993175731,0.47711582066611263,0
0.45416666666666666,0.477165819877098,0.477165819877098,-0.353031737332254,0.477165819877098,0
0.45555555555555555,0.476924423178423,0.476924423178423,-0.3630467857726495,0.476924423178423,0
0.45694444444444443,0.47639250106314956,0.47639250106314956,-0.3730781969473665,0.47639250106314956,0
0.4583333333333333,0.4755713095278874,0.4755713095278874,-0.38311592890505475,0.4755713095278874,0
0.4597222222222222,0.4744624836550084,0.4744624836550084,-0.3931500607939828,0.4744624836550084,0
0.46111111111111114,0.4730680305651331,0.4730680305651331,-0.40317080789353293,0.4730680305651331,0
0.4625,0.47139032175557555,0.47139032175557555,-0.4131685362913259,0.47139032175557555,0
0.4638888888888889,0.469432084841545,0.469432084841545,-0.4231337771804414,0.469432084841545,0
0.4652777777777778,0.46719639471797925,0.46719639471797925,-0.4330572407519357,0.46719639471797925,0
0.4666666666666667,0.4646866641609233,0.4646866641609233,-0.44292982965872235,0.4646866641609233,0
0.46805555555555556,0.4619066338883688,0.4619066338883688,-0.45274265202771186,0.4619066338883688,0
0.46944444444444444,0.4588603621014369,0.4588603621014369,-0.46248703399803176,0.4588603621014369,0
0.4708333333333333,0.45555221352770453,0.45555221352770453,-0.4721545317640859,0.45555221352770453,0
0.4722222222222222,0.4519868479893621,0.4519868479893621,-0.48173694310320686,0.4519868479893621,0
0.4736111111111111,0.4481692085197176,0.4481692085197176,-0.49122631836866837,0.4481692085197176,0
0.475,0.4441045090523632,0.4441045090523632,-0.500614970929889,0.4441045090523632,0
0.47638888888888886,0.4397982217080513,0.4397982217080513,-0.5098954870427477,0.4397982217080513,0
0.4777777777777778,0.43525606370503545,0.43525606370503545,-0.5190607351340484,0.43525606370503545,0
0.4791666666666667,0.43048398391926396,0.43048398391926396,-0.5281038744853268,0.43048398391926396,0
0.48055555555555557,0.42548814912141547,0.42548814912141547,-0.53701836330237,0.42548814912141547,0
0.48194444444444445,0.4202749299183062,0.4202749299183062,-0.5457979661580014,0.4202749299183062,0
0.48333333333333334,0.4148508864266831,0.4148508864266831,-0.5544367607969357,0.4148508864266831,0
0.4847222222222222,0.4092227537078601,0.4092227537078601,-0.5629291442927231,0.4092227537078601,0
0.4861111111111111,0.4033974269920237,0.4033974269920237,-0.5712698385480737,0.4033974269920237,0
0.4875,0.3973819467213698,0.3973819467213698,-0.5794538951311238,0.3973819467213698,0
0.4888888888888889,0.391183483441493,0.391183483441493,-0.5874766994414898,0.391183483441493,0
0.49027777777777776,0.38480932257066824,0.38480932257066824,-0.5953339742012511,0.38480932257066824,0
0.49166666666666664,0.37826684907681696,0.37826684907681696,-0.6030217822673031,0.37826684907681696,0
0.4930555555555556,0.37156353209204507,0.37156353209204507,-0.6105365287628374,0.37156353209204507,0
0.49444444444444446,0.3647069094946931,0.3647069094946931,-0.617874962527001,0.3647069094946931,0
0.49583333333333335,0.35770457248880116,0.35770457248880116,-0.6250341768831137,0.35770457248880116,0
0.49722222222222223,0.3505641502108461,0.3505641502108461,-0.6320116097271102,0.3505641502108461,0
0.4986111111111111,0.34329329439344947,0.34329329439344947,-0.6388050429391897,0.34329329439344947,0
0.5,0.3358996641155925,0.3358996641155925,-0.6454126011229449,0.3358996641155925,0
0.5013888888888889,0.32839091066861237,0.32839091066861237,-0.6518327496775211,0.32839091066861237,0
0.5027777777777778,0.3207746625669673,0.3207746625669673,-0.6580642922096358,0.3207746625669673,0
0.5041666666666667,0.3130585107324009,0.3130585107324009,-0.6641063672935383,0.3130585107324009,0
0.5055555555555555,0.30524999387972107,0.30524999387972107,-0.66995844458823,0.30524999387972107,0
0.5069444444444444,0.2973565841319611,0.2973565841319611,-0.6756203203224866,0.2973565841319611,0
0.5083333333333333,0.28938567289216005,0.28938567289216005,-0.6810921121594182,0.28938567289216005,0
0.5097222222222222,0.28134455699844824,0.28134455699844824,-0.686374253453478,0.28134455699844824,0
0.5111111111111111,0.27324042518849245,0.27324042518849245,-0.6914674869139723,0.27324042518849245,0
0.5125,0.2650803448987047,0.2650803448987047,-0.6963728576902504,0.2650803448987047,0
0.5138888888888888,0.2568712494228924,0.2568712494228924,-0.701091705894828,0.2568712494228924,0
0.5152777777777777,0.24861992545427586,0.24861992545427586,-0.7056256585817646,0.24861992545427586,0
0.5166666666666667,0.24033300103398525,0.24033300103398525,-0.7099766211986218,0.24033300103398525,0
0.5180555555555556,0.23201693392831607,0.23201693392831607,-0.7141467685313222,0.23201693392831607,0
0.5194444444444445,0.22367800045610456,0.22367800045610456,-0.718138535162164,0.22367800045610456,0
0.5208333333333334,0.21532228478668966,0.21532228478668966,-0.7219546054621548,0.21532228478668966,0
0.5222222222222223,0.20695566872792692,0.20695566872792692,-0.725597903139688,0.20695566872792692,0
0.5236111111111111,0.1985838220227345,0.1985838220227345,-0.7290715803684021,0.1985838220227345,0
0.525,0.19021219317160232,0.19021219317160232,-0.7323790065178305,0.19021219317160232,0
0.5263888888888889,0.18184600079743135,0.18184600079743135,-0.735523756511188,0.18184600079743135,0
0.5277777777777778,0.17349022556795915,0.17349022556795915,-0.7385095988353001,0.17349022556795915,0
0.5291666666666667,0.16514960268990594,0.16514960268990594,-0.7413404832283247,0.16514960268990594,0
0.5305555555555556,0.15682861498781345,0.15682861498781345,-0.7440205280714824,0.15682861498781345,0
0.5319444444444444,0.14853148657937207,0.14853148657937207,-0.7465540075115416,0.14853148657937207,0
0.5333333333333333,0.14026217715782952,0.14026217715782952,-0.7489453383412813,0.14026217715782952,0
0.5347222222222222,0.1320243768908559,0.1320243768908559,-0.7511990666655679,0.1320243768908559,0
0.5361111111111111,0.12382150194399835,0.12382150194399835,-0.7533198543810512,0.12382150194399835,0
0.5375,0.11565669063561484,0.11565669063561484,-0.7553124654977986,0.11565669063561484,0
0.5388888888888889,0.10753280022890421,0.10753280022890421,-0.7571817523314337,0.10753280022890421,0
0.5402777777777777,0.09945240436538544,0.09945240436538544,-0.7589326415945563,0.09945240436538544,0
0.5416666666666666,0.09141779114289607,0.09141779114289607,-0.7605701204163531,0.09141779114289607,0
0.5430555555555555,0.0834309618398923,0.0834309618398923,-0.7620992223194053,0.0834309618398923,0
0.5444444444444444,0.07549363028655325,0.07549363028655325,-0.7635250131827186,0.07549363028655325,0
0.5458333333333333,0.06760722288190232,0.06760722288190232,-0.7648525772199882,0.06760722288190232,0
0.5472222222222223,0.05977287925487676,0.05977287925487676,-0.7660870030020163,0.05977287925487676,0
0.5486111111111112,0.05199145356599898,0.05199145356599898,-0.7672333695520664,0.05199145356599898,0
0.55,0.044263516445031334,0.044263516445031334,-0.768296732542748,0.044263516445031334,0
0.5513888888888889,0.03658935755874576,0.03658935755874576,-0.7692821106227588,0.03658935755874576,0
0.5527777777777778,0.028968988801678364,0.028968988801678364,-0.7701944719015293,0.028968988801678364,0
0.5541666666666667,0.02140214810152237,0.02140214810152237,-0.7710387206194312,0.02140214810152237,0
0.5555555555555556,0.013888303829587417,0.013888303829587417,-0.7718196840308157,0.013888303829587417,0
0.5569444444444445,0.006426659805568766,0.006426659805568766,-0.7725420995266625,0.006426659805568766,0
0.5583333333333333,-0.0009838391153109416,-0.0009838391153109416,-0.7732106020231236,-0.0009838391153109416,0
0.5597222222222222,-0.008344500885863956,-0.008344500885863956,-0.7738297116416545,-0.008344500885863956,0
0.5611111111111111,-0.01565687955540944,-0.01565687955540944,-0.7744038217058199,-0.01565687955540944,0
0.5625,-0.022922768018447358,-0.022922768018447358,-0.7749371870791896,-0.022922768018447358,0
0.5638888888888889,-0.030144190239884572,-0.030144190239884572,-0.7754339128680173,-0.030144190239884572,0
0.5652777777777778,-0.03732339297420642,-0.03732339297420642,-0.7758979435116492,-0.03732339297420642,0
0.5666666666666667,-0.044462836996963254,-0.044462836996963254,-0.776333052282785,-0.044462836996963254,0
0.5680555555555555,-0.051565187867910756,-0.051565187867910756,-0.7767428312188847,-0.051565187867910756,0
0.5694444444444444,-0.058633306246050704,-0.058633306246050704,-0.7771306815051024,-0.058633306246050704,0
0.5708333333333333,-0.0656702377777119,-0.0656702377777119,-0.7774998043282281,-0.0656702377777119,0
0.5722222222222222,-0.07267920257962893,-0.07267920257962893,-0.777853192220119,-0.07267920257962893,0
0.5736111111111111,-0.07966358433978002,-0.07966358433978002,-0.7781936209081305,-0.07966358433978002,0
0.575,-0.08662691905949328,-0.08662691905949328,-0.7785236416889989,-0.08662691905949328,0
0.5763888888888888,-0.09357288346102115,-0.09357288346102115,-0.7788455743415695,-0.09357288346102115,0
0.5777777777777777,-0.10050528308544544,-0.10050528308544544,-0.7791615005926689,-0.10050528308544544,0
0.5791666666666667,-0.1074280401063776,-0.1074280401063776,-0.7794732581492878,-0.1074280401063776,0
0.5805555555555556,-0.1143451808854606,-0.1143451808854606,-0.7797824353090976,-0.1143451808854606,0
0.5819444444444445,-0.12126082329619961,-0.12126082329619961,-0.7800903661601458,-0.12126082329619961,0
0.5833333333333334,-0.12817916384307812,-0.12817916384307812,-0.7803981263793847,-0.12817916384307812,0
0.5847222222222223,-0.13510446460332967,-0.13510446460332967,-0.7807065296384761,-0.13510446460332967,0
0.5861111111111111,-0.1420410400190602,-0.1420410400190602,-0.7810161246240794,-0.1420410400190602,0
0.5875,-0.14899324356772392,-0.14899324356772392,-0.7813271926786024,-0.14899324356772392,0
0.5888888888888889,-0.1559654543391645,-0.1559654543391645,-0.7816397460661169,-0.1559654543391645,0
0.5902777777777778,-0.16296206354763315,-0.16296206354763315,-0.7819535268669153,-0.16296206354763315,0
0.5916666666666667,-0.16998746100729736,-0.16998746100729736,-0.7822680065028702,-0.16998746100729736,0
0.5930555555555556,-0.17704602159983165,-0.17704602159983165,-0.7825823858945276,-0.17704602159983165,0
0.5944444444444444,-0.184142091762685,-0.184142091762685,-0.7828955962495665,-0.184142091762685,0
0.5958333333333333,-0.1912799760265633,-0.1912799760265633,-0.7832063004809875,-0.1912799760265633,0
0.5972222222222222,-0.19846392363058576,-0.19846392363058576,-0.7835128952521346,-0.19846392363058576,0
0.5986111111111111,-0.20569811524338247,-0.20569811524338247,-0.7838135136443714,-0.20569811524338247,0
0.6,-0.21298664981821191,-0.21298664981821191,-0.784106028442,-0.21298664981821191,0
0.6013888888888889,-0.22033353160988883,-0.22033353160988883,-0.7843880560277483,-0.22033353160988883,0
0.6027777777777777,-0.22774265738099533,-0.22774265738099533,-0.7846569608809246,-0.22774265738099533,0
0.6041666666666666,-0.23521780382447008,-0.23521780382447008,-0.7849098606691335,-0.23521780382447008,0
0.6055555555555555,-0.24276261522922732,-0.24276261522922732,-0.7851436319232281,-0.24276261522922732,0
0.6069444444444444,-0.2503805914149905,-0.2503805914149905,-0.7853549162840234,-0.2503805914149905,0
0.6083333333333333,-0.25807507596196394,-0.25807507596196394,-0.7855401273081091,-0.25807507596196394,0
0.6097222222222223,-0.2658492447604038,-0.2658492447604038,-0.785695457819002,-0.2658492447604038,0
0.6111111111111112,-0.27370609490449577,-0.27370609490449577,-0.7858168877887517,-0.27370609490449577,0
0.6125,-0.2816484339542709,-0.2816484339542709,-0.7859001927340471,-0.2816484339542709,0
0.6138888888888889,-0.2896788695885479,-0.2896788695885479,-0.7859409526098363,-0.2896788695885479,0
0.6152777777777778,-0.2977997996711367,-0.2977997996711367,-0.7859345611824462,-0.2977997996711367,0
0.6166666666666667,-0.30601340275169064,-0.30601340275169064,-0.7858762358632354,-0.30601340275169064,0
0.6180555555555556,-0.31432162902174604,-0.31432162902174604,-0.7857610279828536,-0.31432162902174604,0
0.6194444444444445,-0.32272619174558925,-0.32272619174558925,-0.7855838334853065,-0.32272619174558925,0
0.6208333333333333,-0.3312285591846288,-0.3312285591846288,-0.7853394040201452,-0.3312285591846288,0
0.6222222222222222,-0.33982994703299757,-0.33982994703299757,-0.785022358410304,-0.33982994703299757,0
0.6236111111111111,-0.34853131138107385,-0.34853131138107385,-0.7846271944723254,-0.34853131138107385,0
0.625,-0.35733334222257035,-0.35733334222257035,-0.7841483011649908,-0.35733334222257035,0
0.6263888888888889,-0.3662364575197658,-0.3662364575197658,-0.7835799710417021,-0.3662364575197658,0
0.6277777777777778,-0.37524079784033526,-0.37524079784033526,-0.7829164129813153,-0.37524079784033526,0
0.6291666666666667,-0.38434622157811615,-0.38434622157811615,-0.7821517651715644,-0.38434622157811615,0
0.6305555555555555,-0.39355230076896686,-0.39355230076896686,-0.7812801083186618,-0.39355230076896686,0
0.6319444444444444,-0.40285831751171497,-0.40285831751171497,-0.7802954790562051,-0.40285831751171497,0
0.6333333333333333,-0.4122632610029754,-0.4122632610029754,-0.7791918835260799,-0.4122632610029754,0
0.6347222222222222,-0.4217658251933981,-0.4217658251933981,-0.7779633111036717,-0.4217658251933981,0
0.6361111111111111,-0.43136440707168566,-0.43136440707168566,-0.7766037482394026,-0.43136440707168566,0
0.6375,-0.44105710558144884,-0.44105710558144884,-0.7751071923883094,-0.44105710558144884,0
0.6388888888888888,-0.45084172117473476,-0.45084172117473476,-0.7734676659992182,-0.45084172117473476,0
0.6402777777777777,-0.4607157560047677,-0.4607157560047677,-0.7716792305348643,-0.4607157560047677,0
0.6416666666666667,-0.47067641475920285,-0.47067641475920285,-0.7697360004942527,-0.47067641475920285,0
0.6430555555555556,-0.4807206061338667,-0.4807206061338667,-0.7676321574084939,-0.4807206061338667,0
0.6444444444444445,-0.49084494494575814,-0.49084494494575814,-0.7653619637813609,-0.49084494494575814,0
0.6458333333333334,-0.5010457548827068,-0.5010457548827068,-0.7629197769459066,-0.5010457548827068,0
0.6472222222222223,-0.5113190718859182,-0.5113190718859182,-0.7603000628085784,-0.5113190718859182,0
0.6486111111111111,-0.5216606481602839,-0.5216606481602839,-0.7574974094524822,-0.5216606481602839,0
0.65,-0.5320659568061405,-0.5320659568061405,-0.7545065405716613,-0.5320659568061405,0
0.6513888888888889,-0.5425301970648801,-0.5425301970648801,-0.7513223287085704,-0.5425301970648801,0
0.6527777777777778,-0.5530483001695925,-0.5530483001695925,-0.7479398082672644,-0.5530483001695925,0
0.6541666666666667,-0.5636149357907243,-0.5636149357907243,-0.7443541882752207,-0.5636149357907243,0
0.6555555555555556,-0.5742245190655068,-0.5742245190655068,-0.7405608648671884,-0.5742245190655068,0
0.6569444444444444,-0.5848712181987739,-0.5848712181987739,-0.7365554334649435,-0.5848712181987739,0
0.6583333333333333,-0.5955489626215957,-0.5955489626215957,-0.732333700627414,-0.5955489626215957,0
0.6597222222222222,-0.6062514516930646,-0.6062514516930646,-0.7278916955462246,-0.6062514516930646,0
0.6611111111111111,-0.6169721639294495,-0.6169721639294495,-0.7232256811623953,-0.6169721639294495,0
0.6625,-0.627704366743866,-0.627704366743866,-0.7183321648806197,-0.627704366743866,0
0.6638888888888889,-0.6384411266785932,-0.6384411266785932,-0.7132079088583052,-0.6384411266785932,0
0.6652777777777777,-0.6491753201111321,-0.6491753201111321,-0.7078499398473713,-0.6491753201111321,0
0.6666666666666666,-0.6598996444141709,-0.6598996444141709,-0.7022555585676229,-0.6598996444141709,0
0.6680555555555555,-0.6706066295486547,-0.6706066295486547,-0.6964223485914236,-0.6706066295486547,0
0.6694444444444444,-0.6812886500682994,-0.6812886500682994,-0.6903481847203028,-0.6812886500682994,0
0.6708333333333333,-0.6919379375130295,-0.6919379375130295,-0.6840312408351062,-0.6919379375130295,0
0.6722222222222223,-0.7025465931679926,-0.7025465931679926,-0.6774699972022976,-0.7025465931679926,0
0.6736111111111112,-0.7131066011640875,-0.7131066011640875,-0.6706632472200487,-0.7131066011640875,0
0.675,-0.7236098418951824,-0.7236098418951824,-0.6636101035888359,-0.7236098418951824,0
0.6763888888888889,-0.7340481057265618,-0.7340481057265618,-0.6563100038923516,-0.7340481057265618,0
0.6777777777777778,-0.7444131069685017,-0.7444131069685017,-0.6487627155756764,-0.7444131069685017,0
0.6791666666666667,-0.7546964980883266,-0.7546964980883266,-0.6409683403087986,-0.7546964980883266,0
0.6805555555555556,-0.7648898841337536,-0.7648898841337536,-0.6329273177247678,-0.7648898841337536,0
0.6819444444444445,-0.774984837339892,-0.774984837339892,-0.6246404285229487,-0.774984837339892,0
0.6833333333333333,-0.7849729118918447,-0.7849729118918447,-0.6161087969290817,-0.7849729118918447,0
0.6847222222222222,-0.7948456588144748,-0.7948456588144748,-0.6073338925050885,-0.7948456588144748,0
0.6861111111111111,-0.804594640960648,-0.804594640960648,-0.5983175313028023,-0.804594640960648,0
0.6875,-0.8142114480689527,-0.8142114480689527,-0.589061876357099,-0.8142114480689527,0
0.6888888888888889,-0.8236877118617599,-0.8236877118617599,-0.579569437515147,-0.8236877118617599,0
0.6902777777777778,-0.8330151211543062,-0.8330151211543062,-0.5698430705998119,-0.8330151211543062,0
0.6916666666666667,-0.8421854369454289,-0.8421854369454289,-0.5598859759065103,-0.8421854369454289,0
0.6930555555555555,-0.8511905074605527,-0.8511905074605527,-0.5497016960341277,-0.8511905074605527,0
0.6944444444444444,-0.8600222831175397,-0.8600222831175397,-0.5392941130518959,-0.8600222831175397,0
0.6958333333333333,-0.8686728313861488,-0.8686728313861488,-0.5286674450054065,-0.8686728313861488,0
0.6972222222222222,-0.8771343515119402,-0.8771343515119402,-0.5178262417662536,-0.8771343515119402,0
0.6986111111111111,-0.8853991890757117,-0.8853991890757117,-0.5067753802310414,-0.8853991890757117,0
0.7,-0.8934598503597887,-0.8934598503597887,-0.49552005887679174,-0.8934598503597887,0
0.7013888888888888,-0.9013090164927946,-0.9013090164927946,-0.4840657916810358,-0.9013090164927946,0
0.7027777777777777,-0.9089395573449334,-0.9089395573449334,-0.4724184014161013,-0.9089395573449334,0
0.7041666666666667,-0.9163445451461896,-0.9163445451461896,-0.4605840123283712,-0.9163445451461896,0
0.7055555555555556,-0.9235172678003771,-0.9235172678003771,-0.4485690422144543,-0.9235172678003771,0
0.7069444444444445,-0.9304512418684601,-0.9304512418684601,-0.43638019390742355,-0.9304512418684601,0
0.7083333333333334,-0.937140225195173,-0.937140225195173,-0.42402444618743357,-0.937140225195173,0
0.7097222222222223,-0.9435782291535868,-0.9435782291535868,-0.4115090441321632,-0.9435782291535868,0
0.7111111111111111,-0.9497595304829556,-0.9497595304829556,-0.3988414889236338,-0.9497595304829556,0
0.7125,-0.9556786826959099,-0.9556786826959099,-0.38602952712903726,-0.9556786826959099,0
0.7138888888888889,-0.9613305270318218,-0.9613305270318218,-0.37308113947426164,-0.9613305270318218,0
0.7152777777777778,-0.9667102029340245,-0.9667102029340245,-0.3600045291297839,-0.9667102029340245,0
0.7166666666666667,-0.9718131580293852,-0.9718131580293852,-0.3468081095296197,-0.9718131580293852,0
0.7180555555555556,-0.9766351575896892,-0.9766351575896892,-0.33350049174490326,-0.9766351575896892,0
0.7194444444444444,-0.9811722934552006,-0.9811722934552006,-0.32009047143462,-0.9811722934552006,0
0.7208333333333333,-0.9854209924017746,-0.9854209924017746,-0.3065870153968241,-0.9854209924017746,0
0.7222222222222222,-0.9893780239339205,-0.9893780239339205,-0.292999247744507,-0.9893780239339205,0
0.7236111111111111,-0.9930405074872519,-0.9930405074872519,-0.2793364357310572,-0.9930405074872519,0
0.725,-0.9964059190248843,-0.9964059190248843,-0.26560797525093327,-0.9964059190248843,0
0.7263888888888889,-0.9994720970134341,-0.9994720970134341,-0.2518233760418979,-0.9994720970134341,0
0.7277777777777777,-1.0022372477654484,-1.0022372477654484,-0.2379922466157176,-1.0022372477654484,0
0.7291666666666666,-1.0046999501362486,-1.0046999501362486,-0.2241242789448735,-1.0046999501362486,0
0.7305555555555555,-1.0068591595643992,-1.0068591595643992,-0.21022923293328438,-1.0068591595643992,0
0.7319444444444444,-1.0087142114462198,-1.0087142114462198,-0.19631692069954956,-1.0087142114462198,0
0.7333333333333333,-1.0102648238360046,-1.0102648238360046,-0.18239719070162977,-1.0102648238360046,0
0.7347222222222223,-1.0115110994648895,-1.0115110994648895,-0.16847991173220575,-1.0115110994648895,0
0.7361111111111112,-1.0124535270725619,-1.0124535270725619,-0.15457495681432717,-1.0124535270725619,0
0.7375,-1.0130929820473222,-1.0130929820473222,-0.1406921870271146,-1.0130929820473222,0
0.7388888888888889,-1.0134307263712794,-1.0134307263712794,-0.12684143529158484,-1.0134307263712794,0
0.7402777777777778,-1.0134684078688012,-1.0134684078688012,-0.11303249014668545,-1.0134684078688012,0
0.7416666666666667,-1.013208058757618,-1.013208058757618,-0.09927507954580392,-1.013208058757618,0
0.7430555555555556,-1.0126520935033274,-1.0126520935033274,-0.08557885470396041,-1.0126520935033274,0
0.7444444444444445,-1.0118033059793419,-1.0118033059793419,-0.07195337402589841,-1.0118033059793419,0
0.7458333333333333,-1.0106648659356354,-1.0106648659356354,-0.05840808714519076,-1.0106648659356354,0
0.7472222222222222,-1.0092403147809712,-1.0092403147809712,-0.04495231910428937,-1.0092403147809712,0
0.7486111111111111,-1.0075335606845723,-1.0075335606845723,-0.03159525470530031,-1.0075335606845723,0
0.75,-1.0055488730045052,-1.0055488730045052,-0.018345923060929727,-1.0055488730045052,0
0.7513888888888889,-1.003290876051314,-1.003290876051314,-0.005213182374792846,-1.003290876051314,0
0.7527777777777778,-1.0007645421967202,-1.0007645421967202,0.007794295020155911,-1.0007645421967202,0
0.7541666666666667,-0.9979751843384401,-0.9979751843384401,0.020668037336716107,-0.9979751843384401,0
0.7555555555555555,-0.994928447733405,-0.994928447733405,0.03339978769417673,-0.994928447733405,0
0.7569444444444444,-0.9916303012128771,-0.9916303012128771,0.04598151813740057,-0.9916303012128771,0
0.7583333333333333,-0.9880870277941365,-0.9880870277941365,0.058405443287489166,-0.9880870277941365,0
0.7597222222222222,-0.9843052147045708,-0.9843052147045708,0.07066403359797595,-0.9843052147045708,0
0.7611111111111111,-0.9802917428351203,-0.9802917428351203,0.08275002819111173,-0.9802917428351203,0
0.7625,-0.9760537756411458,-0.9760537756411458,0.09465644724961868,-0.9760537756411458,0
0.7638888888888888,-0.9715987475098313,-0.9715987475098313,0.106376603940033,-0.9715987475098313,0
0.7652777777777777,-0.9669343516142758,-0.9669343516142758,0.11790411584459236,-0.9669343516142758,0
0.7666666666666667,-0.9620685272754149,-0.9620685272754149,0.12923291587954747,-0.9620685272754149,0
0.7680555555555556,-0.9570094468538765,-0.9570094468538765,0.14035726267862061,-0.9570094468538765,0
0.7694444444444445,-0.9517655021947704,-0.9517655021947704,0.15127175042139826,-0.9517655021947704,0
0.7708333333333334,-0.9463452906493092,-0.9463452906493092,0.16197131808733234,-0.9463452906493092,0
0.7722222222222223,-0.9407576006979558,-0.9407576006979558,0.17245125811717624,-0.9407576006979558,0
0.7736111111111111,-0.9350113972005991,-0.9350113972005991,0.18270722446465965,-0.9350113972005991,0
0.775,-0.9291158062999824,-0.9291158062999824,0.19273524002238882,-0.9291158062999824,0
0.7763888888888889,-0.9230801000052946,-0.9230801000052946,0.20253170340705512,-0.9230801000052946,0
0.7777777777777778,-0.9169136804834774,-0.9169136804834774,0.2120933950902041,-0.9169136804834774,0
0.7791666666666667,-0.9106260640863795,-0.9106260640863795,0.2214174828620524,-0.9106260640863795,0
0.7805555555555556,-0.9042268651424286,-0.9042268651424286,0.23050152661699802,-0.9042268651424286,0
0.7819444444444444,-0.8977257795419699,-0.8977257795419699,0.23934348245077947,-0.8977257795419699,0
0.7833333333333333,-0.8911325681458402,-0.8911325681458402,0.24794170606043658,-0.8911325681458402,0
0.7847222222222222,-0.8844570400471279,-0.8844570400471279,0.25629495543956654,-0.8844570400471279,0
0.7861111111111111,-0.8777090357163738,-0.8777090357163738,0.26440239286262424,-0.8777090357163738,0
0.7875,-0.8708984100607339,-0.8708984100607339,0.2722635861533292,-0.8708984100607339,0
0.7888888888888889,-0.8640350154278237,-0.8640350154278237,0.27987850923359536,-0.8640350154278237,0
0.7902777777777777,-0.8571286845851089,-0.8571286845851089,0.28724754195066715,-0.8571286845851089,0
0.7916666666666666,-0.8501892137057898,-0.8501892137057898,0.2943714691815522,-0.8501892137057898,0
0.7930555555555555,-0.8432263453921675,-0.8432263453921675,0.30125147921509704,-0.8432263453921675,0
0.7944444444444444,-0.8362497517674355,-0.8362497517674355,0.307889161413462,-0.8362497517674355,0
0.7958333333333333,-0.8292690176667709,-0.8292690176667709,0.3142865031560406,-0.8292690176667709,0
0.7972222222222223,-0.8222936239584286,-0.8222936239584286,0.32044588607019986,-0.8222936239584286,0
0.7986111111111112,-0.8153329310253834,-0.8153329310253834,0.3263700815545775,-0.8153329310253834,0
0.8,-0.8083961624377473,-0.8083961624377473,0.3320622456019347,-0.8083961624377473,0
0.8013888888888889,-0.8014923888459332,-0.8014923888459332,0.3375259129299113,-0.8014923888459332,0
0.8027777777777778,-0.7946305121241203,-0.7946305121241203,0.34276499042927333,-0.7946305121241203,0
0.8041666666666667,-0.7878192497931652,-0.7878192497931652,0.34778374994056027,-0.7878192497931652,0
0.8055555555555556,-0.7810671197516301,-0.7810671197516301,0.35258682037123695,-0.7810671197516301,0
0.8069444444444445,-0.7743824253430415,-0.7743824253430415,0.357179179166736,-0.7743824253430415,0
0.8083333333333333,-0.7677732407869213,-0.7677732407869213,0.3615661431499472,-0.7677732407869213,0
0.8097222222222222,-0.7612473970004909,-0.7612473970004909,0.3657533587448876,-0.7612473970004909,0
0.8111111111111111,-0.7548124678372393,-0.7548124678372393,0.369746791601476,-0.7548124678372393,0
0.8125,-0.748475756767835,-0.748475756767835,0.3735527156393913,-0.748475756767835,0
0.8138888888888889,-0.7422442840280434,-0.7422442840280434,0.37717770153015007,-0.7422442840280434,0
0.8152777777777778,-0.7361247742575011,-0.7361247742575011,0.3806286046375396,-0.7361247742575011,0
0.8166666666666667,-0.7301236446522992,-0.7301236446522992,0.383912552437565,-0.7301236446522992,0
0.8180555555555555,-0.7242469936534157,-0.7242469936534157,0.38703693144008944,-0.7242469936534157,0
0.8194444444444444,-0.7185005901920746,-0.7185005901920746,0.39000937363520694,-0.7185005901920746,0
0.8208333333333333,-0.7128898635120883,-0.7128898635120883,0.39283774248836284,-0.7128898635120883,0
0.8222222222222222,-0.7074198935882231,-0.7074198935882231,0.3955301185090088,-0.7074198935882231,0
0.8236111111111111,-0.7020954021585184,-0.7020954021585184,0.39809478441845014,-0.7020954021585184,0
0.825,-0.6969207443874079,-0.6969207443874079,0.40054020994325673,-0.6969207443874079,0
0.8263888888888888,-0.6918999011753273,-0.6918999011753273,0.4028750362613206,-0.6918999011753273,0
0.8277777777777777,-0.6870364721293182,-0.6870364721293182,0.40510806012833817,-0.6870364721293182,0
0.8291666666666667,-0.6823336692079558,-0.6823336692079558,0.4072482177130371,-0.6823336692079558,0
0.8305555555555556,-0.6777943110526731,-0.6777943110526731,0.40930456817009797,-0.6777943110526731,0
0.8319444444444445,-0.6734208180163278,-0.6734208180163278,0.41128627698014947,-0.6734208180163278,0
0.8333333333333334,-0.6692152078985732,-0.6692152078985732,0.41320259908672463,-0.6692152078985732,0
0.8347222222222223,-0.6651790923963129,-0.6651790923963129,0.41506286186040164,-0.6651790923963129,0
0.8361111111111111,-0.661313674276209,-0.661313674276209,0.4168764479207384,-0.661313674276209,0
0.8375,-0.6576197452748944,-0.6576197452748944,0.41865277784685556,-0.6576197452748944,0
0.8388888888888889,-0.6540976847312211,-0.6540976847312211,0.4204012928077436,-0.6540976847312211,0
0.8402777777777778,-0.6507474589535183,-0.6507474589535183,0.42213143714357115,-0.6507474589535183,0
0.8416666666666667,-0.6475686213235124,-0.6475686213235124,0.4238526409293153,-0.6475686213235124,0
0.8430555555555556,-0.6445603131371942,-0.6445603131371942,0.42557430255215534,-0.6445603131371942,0
0.8444444444444444,-0.6417212651815847,-0.6417212651815847,0.42730577133398767,-0.6417212651815847,0
0.8458333333333333,-0.6390498000449912,-0.6390498000449912,0.4290563302304166,-0.6390498000449912,0
0.8472222222222222,-0.6365438351570123,-0.6365438351570123,0.4308351786374072,-0.6365438351570123,0
0.8486111111111111,-0.634200886553213,-0.634200886553213,0.4326514153366015,-0.634200886553213,0
0.85,-0.6320180733580489,-0.6320180733580489,0.4345140216101014,-0.6320180733580489,0
0.8513888888888889,-0.6299921229783348,-0.6299921229783348,0.4364318445551544,-0.6299921229783348,0
0.8527777777777777,-0.6281193769982047,-0.6281193769982047,0.4384135806288963,-0.6281193769982047,0
0.8541666666666666,-0.6263957977652796,-0.6263957977652796,0.44046775945281885,-0.6263957977652796,0
0.8555555555555555,-0.6248169756564405,-0.6248169756564405,0.4426027279062323,-0.6248169756564405,0
0.8569444444444444,-0.6233781370103947,-0.6233781370103947,0.44482663453742716,-0.6233781370103947,0
0.8583333333333333,-0.6220741527129947,-0.6220741527129947,0.44714741432067134,-0.6220741527129947,0
0.8597222222222223,-0.6208995474200505,-0.6208995474200505,0.44957277378658084,-0.6208995474200505,0
0.8611111111111112,-0.6198485094012514,-0.6198485094012514,0.4521101765526734,-0.6198485094012514,0
0.8625,-0.6189149009876238,-0.6189149009876238,0.4547668292802556,-0.6189149009876238,0
0.8638888888888889,-0.6180922696039013,-0.6180922696039013,0.4575496680829373,-0.6180922696039013,0
0.8652777777777778,-0.6173738593660602,-0.6173738593660602,0.46046534541132556,-0.6173738593660602,0
0.8666666666666667,-0.6167526232232845,-0.6167526232232845,0.463520217437513,-0.6167526232232845,0
0.8680555555555556,-0.6162212356225998,-0.6162212356225998,0.4667203319621129,-0.6162212356225998,0
0.8694444444444445,-0.615772105673466,-0.615772105673466,0.47007141686561776,-0.615772105673466,0
0.8708333333333333,-0.6153973907887242,-0.6153973907887242,0.4735788691248513,-0.6153973907887242,0
0.8722222222222222,-0.6150890107773864,-0.6150890107773864,0.4772477444142915,-0.6150890107773864,0
0.8736111111111111,-0.614838662363983,-0.614838662363983,0.4810827473109174,-0.614838662363983,0
0.875,-0.6146378341083458,-0.6146378341083458,0.48508822212018865,-0.6146378341083458,0
0.8763888888888889,-0.6144778216990402,-0.6144778216990402,0.48926814433956933,-0.6144778216990402,0
0.8777777777777778,-0.6143497435929229,-0.6143497435929229,0.49362611277489776,-0.6143497435929229,0
0.8791666666666667,-0.6142445569727127,-0.6142445569727127,0.49816534232366766,-0.6142445569727127,0
0.8805555555555555,-0.6141530739938764,-0.6141530739938764,0.5028886574380785,-0.6141530739938764,0
0.8819444444444444,-0.6140659782915927,-0.6140659782915927,0.5077984862794839,-0.6140659782915927,0
0.8833333333333333,-0.6139738417181163,-0.6139738417181163,0.5128968555745695,-0.6139738417181163,0
0.8847222222222222,-0.6138671412804246,-0.6138671412804246,0.5181853861823436,-0.6138671412804246,0
0.8861111111111111,-0.6137362762477026,-0.6137362762477026,0.5236652893796833,-0.6137362762477026,0
0.8875,-0.6135715853978829,-0.6135715853978829,0.529337363871904,-0.6135715853978829,0
0.8888888888888888,-0.6133633643722456,-0.6133633643722456,0.5352019935334631,-0.6133633643722456,0
0.8902777777777777,-0.6131018831068917,-0.6131018831068917,0.5412591458825788,-0.6131018831068917,0
0.8916666666666667,-0.612777403309749,-0.612777403309749,0.547508371292224,-0.612777403309749,0
0.8930555555555556,-0.6123801959517481,-0.6123801959517481,0.5539488029385649,-0.6123801959517481,0
0.8944444444444445,-0.6119005587407381,-0.6119005587407381,0.5605791574866256,-0.6119005587407381,0
0.8958333333333334,-0.6113288335468066,-0.6113288335468066,0.5673977365115422,-0.6113288335468066,0
0.8972222222222223,-0.6106554237477343,-0.6106554237477343,0.5744024286524957,-0.6106554237477343,0
0.8986111111111111,-0.6098708114635191,-0.6098708114635191,0.5815907124950159,-0.6098708114635191,0
0.9,-0.6089655746490716,-0.6089655746490716,0.5889596601760645,-0.6089655746490716,0
0.9013888888888889,-0.6079304040145066,-0.6079304040145066,0.5965059417049585,-0.6079304040145066,0
0.9027777777777778,-0.6067561197427767,-0.6067561197427767,0.6042258299918958,-0.6067561197427767,0
0.9041666666666667,-0.605433687974755,-0.605433687974755,0.612115206574572,-0.605433687974755,0
0.9055555555555556,-0.6039542370323778,-0.6039542370323778,0.6201695680320777,-0.6039542370323778,0
0.9069444444444444,-0.602309073350883,-0.602309073350883,0.6283840330740467,-0.602309073350883,0
0.9083333333333333,-0.6004896970918093,-0.6004896970918093,0.6367533502917685,-0.6004896970918093,0
0.9097222222222222,-0.598487817408961,-0.598487817408961,0.6452719065568009,-0.598487817408961,0
0.9111111111111111,-0.5962953673402406,-0.5962953673402406,0.6539337360514332,-0.5962953673402406,0
0.9125,-0.5939045182989511,-0.5939045182989511,0.6627325299141961,-0.5939045182989511,0
0.9138888888888889,-0.5913076941388954,-0.5913076941388954,0.6716616464825271,-0.5913076941388954,0
0.9152777777777777,-0.5884975847684613,-0.5884975847684613,0.6807141221135931,-0.5884975847684613,0
0.9166666666666666,-0.5854671592896461,-0.5854671592896461,0.6898826825632496,-0.5854671592896461,0
0.9180555555555555,-0.5822096786389661,-0.5822096786389661,0.6991597549020979,-0.5822096786389661,0
0.9194444444444444,-0.5787187077080324,-0.5787187077080324,0.708537479946645,-0.5787187077080324,0
0.9208333333333333,-0.5749881269226156,-0.5749881269226156,0.7180077251826423,-0.5749881269226156,0
0.9222222222222223,-0.5710121432600221,-0.5710121432600221,0.7275620981567936,-0.5710121432600221,0
0.9236111111111112,-0.5667853006856235,-0.5667853006856235,0.7371919603122029,-0.5667853006856235,0
0.925,-0.5623024899905141,-0.5623024899905141,0.7468884412421277,-0.5623024899905141,0
0.9263888888888889,-0.557558958013349,-0.557558958013349,0.7566424533358687,-0.557558958013349,0
0.9277777777777778,-0.5525503162305917,-0.5525503162305917,0.7664447067899283,-0.5525503162305917,0
0.9291666666666667,-0.5472725487005522,-0.5472725487005522,0.7762857249569449,-0.5472725487005522,0
0.9305555555555556,-0.5417220193478364,-0.5417220193478364,0.7861558600043008,-0.5417220193478364,0
0.9319444444444445,-0.5358954785760082,-0.5358954785760082,0.7960453088537738,-0.5358954785760082,0
0.9333333333333333,-0.5297900691975512,-0.5297900691975512,0.8059441293731217,-0.5297900691975512,0
0.9347222222222222,-0.5234033316714851,-0.5234033316714851,0.8158422567900524,-0.5234033316714851,0
0.9361111111111111,-0.5167332086402363,-0.5167332086402363,0.825729520298666,-0.5167332086402363,0
0.9375,-0.5097780487587301,-0.5097780487587301,0.8355956598281354,-0.5097780487587301,0
0.9388888888888889,-0.5025366098099069,-0.5025366098099069,0.84543034294313,-0.5025366098099069,0
0.9402777777777778,-0.49500806110226153,-0.49500806110226153,0.8552231818452869,-0.49500806110226153,0
0.9416666666666667,-0.48719198514627,-0.48719198514627,0.8649637504448829,-0.48719198514627,0
0.9430555555555555,-0.479088378607939,-0.479088378607939,0.8746416014717862,-0.479088378607939,0
0.9444444444444444,-0.470697652539051,-0.470697652539051,0.884246283594708,-0.470697652539051,0
0.9458333333333333,-0.4620206318849699,-0.4620206318849699,0.8937673585178404,-0.4620206318849699,0
0.9472222222222222,-0.45305855427227393,-0.45305855427227393,0.9031944180240176,-0.45305855427227393,0
0.9486111111111111,-0.44381306807973275,-0.44381306807973275,0.9125171009336958,-0.44381306807973275,0
0.95,-0.4342862297975216,-0.4342862297975216,0.9217251099492594,-0.4342862297975216,0
0.9513888888888888,-0.4244805006808597,-0.4244805006808597,0.9308082283543834,-0.4244805006808597,0
0.9527777777777777,-0.41439874270552135,-0.41439874270552135,0.939756336538537,-0.41439874270552135,0
0.9541666666666667,-0.4040442138340101,-0.4040442138340101,0.948559428317048,-0.4040442138340101,0
0.9555555555555556,-0.3934205626023839,-0.3934205626023839,0.9572076270175923,-0.3934205626023839,0
0.9569444444444445,-0.3825318220390121,-0.3825318220390121,0.9656912013044499,-0.3825318220390121,0
0.9583333333333334,-0.3713824029277294,-0.3713824029277294,0.9740005807123799,-0.3713824029277294,0
0.9597222222222223,-0.35997708642908105,-0.35997708642908105,0.9821263708625816,-0.35997708642908105,0
0.9611111111111111,-0.34832101607447796,-0.34832101607447796,0.9900593683338162,-0.34832101607447796,0
0.9625,-0.3364196891492567,-0.3364196891492567,0.9977905751624674,-0.3364196891492567,0
0.9638888888888889,-0.3242789474817453,-0.3242789474817453,1.0053112129460393,-0.3242789474817453,0
0.9652777777777778,-0.31190496765646714,-0.31190496765646714,1.012612736525377,-0.31190496765646714,0
0.9666666666666667,-0.2993042506707248,-0.2993042506707248,1.019686847221714,-0.2993042506707248,0
0.9680555555555556,-0.28648361105472736,-0.28648361105472736,1.0265255056055336,-0.28648361105472736,0
0.9694444444444444,-0.27345016547646855,-0.27345016547646855,1.033120943775124,-0.27345016547646855,0
0.9708333333333333,-0.26021132085341153,-0.26021132085341153,1.039465677123676,-0.26021132085341153,0
0.9722222222222222,-0.24677476199396103,-0.24677476199396103,1.0455525155747523,-0.24677476199396103,0
0.9736111111111111,-0.23314843879253863,-0.23314843879253863,1.05137457426699,-0.23314843879253863,0
0.975,-0.21934055300281674,-0.21934055300281674,1.0569252836699623,-0.21934055300281674,0
0.9763888888888889,-0.20535954461448858,-0.20535954461448858,1.0621983991142125,-0.20535954461448858,0
0.9777777777777777,-0.19121407785955644,-0.19121407785955644,1.0671880097196085,-0.19121407785955644,0
0.9791666666666666,-0.17691302687484461,-0.17691302687484461,1.0718885467073167,-0.17691302687484461,0
0.9805555555555555,-0.16246546104797027,-0.16246546104797027,1.0762947910818703,-0.16246546104797027,0
0.9819444444444444,-0.14788063007457886,-0.14788063007457886,1.0804018806710223,-0.14788063007457886,0
0.9833333333333333,-0.13316794875515028,-0.13316794875515028,1.0842053165122922,-0.13316794875515028,0
0.9847222222222223,-0.1183369815600574,-0.1183369815600574,1.087700968576361,-0.1183369815600574,0
0.9861111111111112,-0.10339742699202402,-0.10339742699202402,1.0908850808187376,-0.10339742699202402,0
0.9875,-0.08835910177533712,-0.08835910177533712,1.093754275552392,-0.08835910177533712,0
0.9888888888888889,-0.0732319249015705,-0.0732319249015705,1.0963055571353464,-0.0732319249015705,0
0.9902777777777778,-0.058025901561652146,-0.058025901561652146,1.0985363149685061,-0.058025901561652146,0
0.9916666666666667,-0.04275110699436817,-0.04275110699436817,1.1004443258003285,-0.04275110699436817,0
0.9930555555555556,-0.027417670281417908,-0.027417670281417908,1.1020277553362328,-0.027417670281417908,0
0.9944444444444445,-0.012035758119209247,-0.012035758119209247,1.1032851591519697,-0.012035758119209247,0
0.9958333333333333,0.0033844414024268576,0.0033844414024268576,1.1042154829114899,0.0033844414024268576,0
0.9972222222222222,0.018832734984548738,0.018832734984548738,1.1048180618911438,0.018832734984548738,0
0.9986111111111111,0.03429894023645211,0.03429894023645211,1.1050926198133728,0.03429894023645211,0
1,0.049772901696330606,0.049772901696330606,1.105039266994332,0.049772901696330606,0
